{
  "backups": [
    {
      "id": "bkp0",
      "path": "/backups/db0.tar.gz",
      "timestamp": "2025-02-01T01:00:00Z",
      "checksum": "abc0xyz"
    },
    {
      "id": "bkp1",
      "path": "/backups/db1.tar.gz",
      "timestamp": "2025-02-02T01:00:00Z",
      "checksum": "abc1xyz"
    },
    {
      "id": "bkp2",
      "path": "/backups/db2.tar.gz",
      "timestamp": "2025-02-03T01:00:00Z",
      "checksum": "abc2xyz"
    },
    {
      "id": "bkp3",
      "path": "/backups/db3.tar.gz",
      "timestamp": "2025-02-04T01:00:00Z",
      "checksum": "abc3xyz"
    },
    {
      "id": "bkp4",
      "path": "/backups/db4.tar.gz",
      "timestamp": "2025-02-05T01:00:00Z",
      "checksum": "abc4xyz"
    },
    {
      "id": "bkp5",
      "path": "/backups/db5.tar.gz",
      "timestamp": "2025-02-06T01:00:00Z",
      "checksum": "abc5xyz"
    },
    {
      "id": "bkp6",
      "path": "/backups/db6.tar.gz",
      "timestamp": "2025-02-07T01:00:00Z",
      "checksum": "abc6xyz"
    },
    {
      "id": "bkp7",
      "path": "/backups/db7.tar.gz",
      "timestamp": "2025-02-08T01:00:00Z",
      "checksum": "abc7xyz"
    },
    {
      "id": "bkp8",
      "path": "/backups/db8.tar.gz",
      "timestamp": "2025-02-09T01:00:00Z",
      "checksum": "abc8xyz"
    },
    {
      "id": "bkp9",
      "path": "/backups/db9.tar.gz",
      "timestamp": "2025-02-10T01:00:00Z",
      "checksum": "abc9xyz"
    }
  ]
}