{
  "assets": [
    {
      "id": "host1",
      "ip": "10.0.0.1",
      "owner": "teamA",
      "status": "active"
    },
    {
      "id": "host2",
      "ip": "10.0.0.2",
      "owner": "teamA",
      "status": "active"
    },
    {
      "id": "host3",
      "ip": "10.0.0.3",
      "owner": "teamA",
      "status": "active"
    },
    {
      "id": "host4",
      "ip": "10.0.0.4",
      "owner": "teamA",
      "status": "active"
    },
    {
      "id": "host5",
      "ip": "10.0.0.5",
      "owner": "teamA",
      "status": "active"
    },
    {
      "id": "host6",
      "ip": "10.0.0.6",
      "owner": "teamA",
      "status": "active"
    },
    {
      "id": "host7",
      "ip": "10.0.0.7",
      "owner": "teamA",
      "status": "active"
    },
    {
      "id": "host8",
      "ip": "10.0.0.8",
      "owner": "teamA",
      "status": "active"
    },
    {
      "id": "host9",
      "ip": "10.0.0.9",
      "owner": "teamA",
      "status": "active"
    },
    {
      "id": "host10",
      "ip": "10.0.0.10",
      "owner": "teamA",
      "status": "active"
    }
  ]
}